{
    "activity": {
        "cv_auc_2023": 0.9695,
        "test_auc_2024": 0.987,
        "classification_report_2024": {
            "0": {
                "precision": 0.9833094409174687,
                "recall": 0.9882679839456623,
                "f1-score": 0.985782477031258,
                "support": 9717.0
            },
            "1": {
                "precision": 0.6357827476038339,
                "recall": 0.5497237569060773,
                "f1-score": 0.5896296296296296,
                "support": 362.0
            },
            "accuracy": 0.9725171147931342,
            "macro avg": {
                "precision": 0.8095460942606514,
                "recall": 0.7689958704258698,
                "f1-score": 0.7877060533304439,
                "support": 10079.0
            },
            "weighted avg": {
                "precision": 0.9708275813104109,
                "recall": 0.9725171147931342,
                "f1-score": 0.9715541477565889,
                "support": 10079.0
            }
        }
    }
}