{
    "activity": {
        "cv_auc_2023": 0.976,
        "test_auc_2024": 0.968,
        "classification_report_2024": {
            "0": {
                "precision": 0.9088276181649676,
                "recall": 0.9516011644832606,
                "f1-score": 0.9297226831002607,
                "support": 8244.0
            },
            "1": {
                "precision": 0.7242570836212854,
                "recall": 0.571117166212534,
                "f1-score": 0.6386349786715417,
                "support": 1835.0
            },
            "accuracy": 0.8823295961900982,
            "macro avg": {
                "precision": 0.8165423508931264,
                "recall": 0.7613591653478973,
                "f1-score": 0.7841788308859012,
                "support": 10079.0
            },
            "weighted avg": {
                "precision": 0.8752243905741692,
                "recall": 0.8823295961900982,
                "f1-score": 0.8767267571525775,
                "support": 10079.0
            }
        }
    }
}