{
    "activity": {
        "cv_auc_2023": 0.974,
        "test_auc_2024": 0.954,
        "classification_report_2024": {
            "0": {
                "precision": 0.8894526034712951,
                "recall": 0.9108558928083128,
                "f1-score": 0.9000270197243988,
                "support": 7314.0
            },
            "1": {
                "precision": 0.7481653147933565,
                "recall": 0.7005424954792043,
                "f1-score": 0.7235711617482257,
                "support": 2765.0
            },
            "accuracy": 0.8531600357178292,
            "macro avg": {
                "precision": 0.8188089591323258,
                "recall": 0.8056991941437586,
                "f1-score": 0.8117990907363122,
                "support": 10079.0
            },
            "weighted avg": {
                "precision": 0.8506928700459055,
                "recall": 0.8531600357178292,
                "f1-score": 0.8516193952275123,
                "support": 10079.0
            }
        }
    }
}