{
    "activity": {
        "cv_auc_2023": 0.966,
        "test_auc_2024": 0.927,
        "classification_report_2024": {
            "0": {
                "precision": 0.7063627084042191,
                "recall": 0.7082906857727738,
                "f1-score": 0.7073253833049403,
                "support": 2931.0
            },
            "1": {
                "precision": 0.8802521008403361,
                "recall": 0.8792669278119754,
                "f1-score": 0.8797592385218365,
                "support": 7148.0
            },
            "accuracy": 0.8295465820021828,
            "macro avg": {
                "precision": 0.7933074046222777,
                "recall": 0.7937788067923746,
                "f1-score": 0.7935423109133883,
                "support": 10079.0
            },
            "weighted avg": {
                "precision": 0.8296846031490711,
                "recall": 0.8295465820021828,
                "f1-score": 0.8296150149241857,
                "support": 10079.0
            }
        }
    }
}