{
    "activity": {
        "cv_auc_2023": 0.988,
        "test_auc_2024": 0.973,
        "classification_report_2024": {
            "0": {
                "precision": 0.9587244147913604,
                "recall": 0.9468394013848559,
                "f1-score": 0.9527448446367365,
                "support": 8954.0
            },
            "1": {
                "precision": 0.6148867313915858,
                "recall": 0.6755555555555556,
                "f1-score": 0.6437950021177468,
                "support": 1125.0
            },
            "accuracy": 0.9165591824585773,
            "macro avg": {
                "precision": 0.7868055730914731,
                "recall": 0.8111974784702057,
                "f1-score": 0.7982699233772417,
                "support": 10079.0
            },
            "weighted avg": {
                "precision": 0.9203458659447736,
                "recall": 0.9165591824585773,
                "f1-score": 0.9182604143525949,
                "support": 10079.0
            }
        }
    }
}